0.025318518280983,0.15744644403458,0.072951160371304,-0.11800652742386,-0.0096603175625205,0.0041046813130379,0.059602778404951,0.13756923377514,-0.031977161765099,0.086931206285954,0.018562348559499,-0.042844161391258,0.13640132546425,-0.036702606827021,0.029234515503049,0.032008789479733,0.1063956618309,-0.043861467391253,-0.17799293994904,0.044570457190275,0.053299866616726,-0.013024718500674,-0.061351466923952,-0.0028561316430569,-0.021093240007758,0.035053856670856,-0.072136998176575,0.096207246184349,0.14403095841408,-0.019837655127048,0.051812656223774,0.075225420296192,-0.032314017415047,0.093281209468842,-0.074347518384457,-0.12370231747627,0.07027667760849,0.24828265607357,0.11600951105356,0.024566413834691,-0.018476409837604,-0.010057531297207,0.073885016143322,-0.035395715385675,0.064521752297878,-0.14781998097897,-0.018651898950338,0.0087256142869592,-0.053064551204443,0.00031589411082678,0.055154513567686,0.056933015584946,-0.14653137326241,0.043349783867598,-0.02906152792275,-0.056727692484856,-0.072470754384995,0.026743808761239,-0.0071714902296662,-0.16852721571922,-0.072445087134838,-0.11989596486092,-0.02591023594141,-0.042742356657982,-0.10724045336246,0.05755740404129,0.02884441614151,0.061409302055836,-0.087385632097721,-0.14114598929882,0.031557735055685,-0.0070398296229541,-0.020153513178229,0.095238238573074,0.056587807834148,-0.066558659076691,0.029389433562756,0.016113225370646,0.097769841551781,0.072060756385326,-0.020104261115193,-0.020657068118453,0.14082406461239,0.040079675614834,0.078686647117138,-0.093487769365311,0.066183269023895,0.075773671269417,0.21565979719162,-0.041181169450283,-0.08543173968792,-0.12271996587515,0.0031585518736392,0.072138056159019,0.00088962959125638,-0.067228361964226,0.052135854959488,0.017463805153966,-0.16073283553123,-0.03241690993309,-0.085869893431664,0.032587833702564,-0.060217324644327,0.2813868522644,-0.091657049953938,0.0074039548635483,-0.074339434504509,0.071349151432514,0.18528470396996,-0.16812321543694,-0.026519045233727,0.10914498567581,-0.20261265337467,0.2085003554821,0.07172979414463,-0.067111156880856,-0.081032775342464,-0.022526672109962,-0.02554439380765,0.01727956160903,-0.01570457033813,0.10251463204622,0.041854571551085,0.052567441016436,0.035732064396143,-0.11942577362061,-0.0072426493279636,-0.07646706700325
-0.084841214120388,0.10809055715799,-0.031162589788437,-0.18128238618374,0.043326865881681,0.065658152103424,-0.029096432030201,0.064717710018158,-0.015479997731745,0.076569758355618,-0.13481186330318,0.064440727233887,0.090021170675755,-0.053967546671629,0.0030969642102718,0.11912029981613,-0.10702779889107,-0.16872325539589,-0.17738398909569,0.066151328384876,-0.056419927626848,0.054875764995813,0.057891327887774,-0.10846085846424,-0.16763436794281,0.11472269892693,-0.03517197817564,0.0045093609951437,0.0014877469511703,-0.026719572022557,-0.013047849759459,0.17867606878281,-0.010829113423824,0.11142543703318,-0.1263140887022,0.016014158725739,0.055933237075806,0.16097848117352,-0.055626880377531,0.15247757732868,-0.0093778194859624,-0.075645565986633,0.055917963385582,-0.043093509972095,0.053135626018047,0.036302994936705,0.097072057425976,0.047407310456038,-0.066666051745415,0.18715904653072,0.097730584442616,-0.046937685459852,-0.18199473619461,0.054647002369165,0.10556646436453,-0.025630155578256,-0.024128662422299,0.026273345574737,-0.00093714316608384,-0.029854938387871,-0.061391167342663,-0.020535161718726,-0.0057353447191417,-0.039679482579231,0.04887181147933,-0.12622000277042,-0.049454033374786,0.1288088709116,-0.04229087010026,0.036174032837152,-0.022213457152247,0.055369339883327,-0.0087393689900637,0.16570320725441,0.056642111390829,0.048498757183552,0.019947659224272,0.023305563256145,0.0092047825455666,-0.045978184789419,0.11620877683163,-0.013310137204826,0.04014989733696,0.11737366020679,-0.082780607044697,-0.086256876587868,0.075677670538425,0.082819983363152,0.13887710869312,0.07288209348917,-0.087969020009041,-0.09436509013176,-0.065299570560455,0.048647250980139,0.0062858355231583,0.15004006028175,0.057252634316683,0.031080067157745,-0.054400496184826,0.040919061750174,-0.053929060697556,-0.031035261228681,-0.14180544018745,0.16043697297573,-0.10421229153872,-0.034711074084044,-0.28390744328499,0.02801787853241,-0.024309271946549,-0.041906345635653,-0.01308259088546,0.15980026125908,-0.096260227262974,0.08342283219099,-0.012645396403968,-0.020327966660261,0.032909169793129,-0.028753960505128,-0.02144336886704,0.11300108581781,0.10893680900335,0.12849874794483,0.18448024988174,0.017577296122909,-0.027758641168475,-0.069049753248692,-0.046594925224781,-0.055495820939541
-0.065715283155441,0.035999376326799,0.075028136372566,-0.12401901930571,0.071249023079872,0.033401325345039,0.0074071530252695,0.04293866455555,0.038204658776522,-0.079791687428951,-0.092727117240429,0.14049564301968,0.059924021363258,-0.15493878722191,-0.032194159924984,0.03035831451416,-0.21537558734417,-0.16297034919262,-0.22036255896091,0.12010827660561,0.061623722314835,0.055500760674477,0.043966922909021,-0.0078964242711663,-0.068559758365154,0.077803626656532,-0.024836033582687,-0.037438198924065,0.020681833848357,0.010261464864016,0.037870649248362,0.047010831534863,0.0081980060786009,0.138870626688,-0.061645787209272,-0.06594680249691,-0.011676841415465,0.16742280125618,-0.058494091033936,0.062805160880089,0.077080354094505,-0.10408139228821,0.056282240897417,0.079022824764252,-0.018935117870569,-0.069068618118763,0.074224054813385,0.021896285936236,-0.030321341007948,0.19152450561523,0.0086385263130069,-0.088804736733437,-0.1182724609971,0.03138056397438,0.14171060919762,-0.050044000148773,-0.11507924646139,0.089862957596779,-0.12200158089399,-0.063629403710365,-0.075176261365414,-0.080469541251659,0.071284934878349,0.065306797623634,0.040627263486385,-0.12717334926128,-0.047666601836681,0.018013801425695,-0.096199035644531,-0.022469811141491,-0.031902849674225,0.042126405984163,-0.018467945978045,0.14391405880451,0.063085407018661,0.010710028000176,0.0021461171563715,-0.047647628933191,0.048653967678547,0.149419054389,0.080259643495083,-0.055764600634575,0.10581155121326,0.12454099208117,-0.040857922285795,-0.14614880084991,0.12288297712803,0.13584896922112,0.10262831300497,0.052535761147738,-0.0010792937828228,-0.11729897558689,-0.080083079636097,0.070783257484436,-0.085650265216827,0.052049625664949,-0.026266172528267,0.017859555780888,-0.02336697652936,-0.021522864699364,-0.048740692436695,-0.039029221981764,-0.11691126972437,0.12666118144989,-0.082718849182129,-0.016484212130308,-0.17804402112961,0.12641432881355,0.052649099379778,-0.079311028122902,0.047027114778757,0.15947653353214,-0.20135200023651,0.12545304000378,0.00021519685105886,0.037941373884678,0.023774346336722,0.038311459124088,-0.011453038081527,0.20167584717274,0.082625932991505,0.15806758403778,0.043426256626844,0.0087927225977182,-0.045819047838449,-0.031703200191259,0.030560875311494,-0.0259945448488
0.047949708998203,-0.04139019921422,-0.10553470253944,-0.11666986346245,0.092016980051994,0.23065184056759,-0.053130857646465,0.038610864430666,-0.17030188441277,0.017303286120296,-0.093817695975304,0.12327898293734,0.052891299128532,-0.10628355294466,0.010600950568914,0.073964275419712,-0.070611566305161,-0.07930913567543,-0.022453496232629,0.022817507386208,0.015999367460608,0.092105694115162,0.077325351536274,0.076088421046734,-0.037616450339556,0.08703900873661,0.080589711666107,-0.14863105118275,-0.044616881757975,0.0073681008070707,0.0088942348957062,0.047605562955141,-0.12197879701853,0.086495541036129,-0.088232286274433,0.037213008850813,-0.10813193768263,-0.10584285110235,-0.035842157900333,0.1172720938921,0.017709659412503,-0.075955301523209,-0.0099136466160417,0.13988007605076,-0.031460121273994,0.034129209816456,0.13542385399342,0.057814948260784,-0.12172269076109,0.14087735116482,0.18605616688728,-0.11101149767637,-0.075858011841774,-0.060085032135248,0.058266039937735,-0.0046477853320539,-0.014534764923155,0.18692092597485,0.0822679027915,-0.0017248974181712,-0.016383096575737,0.061502199620008,0.093837253749371,-0.038223400712013,0.055084954947233,-0.21407331526279,-0.06276860833168,0.094386093318462,-0.027031956240535,0.11407370120287,-0.062526136636734,0.12700816988945,-0.061770029366016,-0.0084810620173812,-0.046225674450397,0.025557836517692,-0.01680108346045,0.046723052859306,-0.0088986353948712,0.12113678455353,0.10417532920837,-0.042441084980965,0.034765414893627,0.0025719124823809,-0.13761878013611,-0.096260644495487,0.11507737636566,-0.016359942033887,-0.027558673173189,0.040614992380142,-0.03910605609417,-0.0095310099422932,-0.1560854613781,0.084818094968796,-0.030816961079836,0.17550538480282,0.061322193592787,0.02355270832777,-0.044289421290159,-0.014683877117932,-0.00093991594621912,0.022142216563225,-0.10258074849844,0.088592179119587,-0.13678608834743,-0.052117936313152,-0.27287414669991,0.030600372701883,-0.13760779798031,-0.025692649185658,0.11167380958796,0.14866569638252,-0.0078755728900433,-0.023980665951967,-0.0059522287920117,0.053682014346123,-0.040547128766775,-0.027268694713712,-0.029127240180969,0.16916301846504,0.083981730043888,-0.030082494020462,0.097598411142826,-0.055200852453709,-0.080589726567268,-0.0010250720661134,-0.07079841196537,-0.041564129292965
-0.025165967643261,0.11219438165426,-0.069029107689857,-0.13365049660206,0.07320187240839,0.10837126523256,0.0025629405863583,0.021621391177177,0.13503862917423,0.034685477614403,-0.05291960015893,0.12947124242783,0.030560545623302,-0.12946079671383,-0.083287075161934,0.053764224052429,-0.056353557854891,-0.12672843039036,-0.21488459408283,0.012677709572017,-0.029605053365231,0.1322618573904,0.0080773252993822,-0.036757417023182,-0.12154516577721,0.08391722291708,0.010519758798182,0.010269481688738,0.055318463593721,0.0075310934334993,0.065755620598793,0.14004416763783,-0.033576499670744,0.081297926604748,-0.11067347228527,-0.041973847895861,-0.0067213634029031,0.14561028778553,-0.018198624253273,0.18730801343918,0.025477953255177,-0.014416802674532,-0.092515386641026,0.0067751356400549,0.039434690028429,-0.044408541172743,-0.038983434438705,0.050839610397816,0.031242966651917,0.11767480522394,0.090985782444477,0.13782152533531,-0.14439804852009,-0.044395882636309,0.0068261628039181,-0.035160355269909,-0.038986787199974,0.073036164045334,-0.092890247702599,0.0056649204343557,-0.12281612306833,-0.10459233820438,0.095208436250687,-0.035414565354586,-0.018880905583501,-0.23201934993267,0.013329916633666,0.13639864325523,-0.057320293039083,0.10282120108604,0.039223860949278,0.059370279312134,-0.030556468293071,0.13638097047806,-0.015478210523725,0.034224137663841,-0.027276074513793,-0.00086232362082228,-0.066275760531425,0.05672700330615,0.055961038917303,0.054547537118196,0.13696050643921,0.13879385590553,-0.0034672212786973,-0.16962116956711,0.13595579564571,0.077134646475315,0.088211737573147,-0.0082530407235026,-0.11134129017591,-0.094786785542965,-0.06751299649477,0.12633539736271,0.061128687113523,0.023163536563516,0.062319301068783,-0.0996323376894,-0.081213109195232,0.0062630423344672,0.00098247930873185,-0.0024672783911228,-0.16199699044228,0.18005308508873,-0.10731735080481,-0.075949735939503,-0.17649258673191,-0.022120689973235,0.039348278194666,-0.0088729858398438,0.071540623903275,0.14140257239342,-0.12597535550594,0.15967853367329,0.022626964375377,0.00072699168231338,-0.063478983938694,-0.01283710077405,0.021946899592876,0.14216929674149,0.091313652694225,0.13856090605259,0.082954749464989,-0.0086527867242694,0.012736402451992,-0.042512089014053,-0.023954143747687,-0.03004489466548
-0.016181999817491,-0.036625355482101,-0.055092059075832,-0.099845618009567,0.11719956994057,0.11132750660181,-0.086452051997185,0.024077314883471,-0.010780221782625,-0.038685958832502,-0.092809788882732,0.12624441087246,0.042262449860573,-0.10035893321037,-0.037425883114338,0.13296282291412,-0.096295639872551,-0.12507086992264,-0.155587926507,0.093081638216972,0.039621382951736,0.043424926698208,0.13900348544121,-0.10336235910654,-0.07019018381834,0.13497659564018,-0.022463120520115,-0.10542502999306,-0.055852647870779,-0.073857985436916,0.085913829505444,0.19962486624718,-0.046377517282963,0.11678995937109,-0.12148056179285,0.039903413504362,-0.03980614989996,0.13171830773354,0.018062943592668,0.11537231504917,0.042329277843237,-0.023971121758223,-0.033308006823063,0.00422487501055,-0.0013266004389152,-0.045878231525421,0.064059913158417,0.010370158590376,-0.0056772101670504,0.17223416268826,0.066625326871872,-0.031286213546991,-0.14779204130173,0.027468785643578,0.049105677753687,-0.086229160428047,0.042665909975767,0.052939683198929,-0.032799132168293,-0.014141355641186,-0.050686363130808,-0.033274937421083,0.04975263774395,-0.027997029945254,0.057543225586414,-0.19708947837353,-0.044181860983372,0.17782667279243,0.024167547002435,0.1351326406002,-0.014317424967885,0.12985990941525,-0.024798853322864,0.13811375200748,-0.030140858143568,-0.023080676794052,-0.021582502871752,0.00031189256696962,-0.069091729819775,0.084377571940422,0.040624920278788,0.025275522843003,0.082260489463806,0.069691181182861,-0.10492664575577,-0.10268320143223,0.13619336485863,0.12126289308071,0.048135045915842,-0.055732794106007,-0.029545899480581,-0.034381147474051,-0.096720717847347,0.076567962765694,0.020132228732109,0.10167942196131,0.033269260078669,0.040465287864208,-0.11548283696175,0.014654000289738,-0.071800835430622,-0.07694823294878,-0.15488375723362,0.17665311694145,-0.0076376553624868,-0.048123139888048,-0.22416569292545,0.056849896907806,0.028594421222806,-0.040056210011244,-0.060011435300112,0.17180083692074,-0.11021825671196,0.10304423421621,0.057989906519651,-0.010728581808507,0.0075370296835899,-0.067161865532398,0.01985757984221,0.16909997165203,0.10116685926914,0.18734540045261,0.14321321249008,0.00085026730084792,-0.036768916994333,-0.092363104224205,-0.0022428266238421,0.024168130010366
-0.023978438228369,0.058352798223495,0.14783416688442,-0.18015341460705,0.028912104666233,0.10686452686787,0.028997801244259,0.16360418498516,-0.029707515612245,0.030428549274802,-0.065916143357754,0.05630199611187,0.06989211589098,-0.12419803440571,0.06402138620615,0.036878407001495,-0.1405556499958,-0.14287038147449,-0.23041608929634,0.022642254829407,0.0068609546869993,0.14388085901737,-0.033822741359472,-0.1127527654171,-0.12750020623207,0.065256103873253,-0.077998995780945,0.068100802600384,0.023282684385777,-0.078547209501266,0.032484356313944,0.025080915540457,-0.079625338315964,0.13160441815853,-0.045563261955976,-0.040073163807392,-0.01637371443212,0.082440063357353,-0.0079145729541779,0.12379766255617,0.034696936607361,-0.051375668495893,0.0048920908011496,0.010582731105387,0.056001525372267,-0.075900621712208,-0.032559845596552,0.032717850059271,-0.070379376411438,0.1702538728714,0.067698635160923,-0.024344831705093,-0.2291697114706,0.032869886606932,0.02519328519702,-0.061539258807898,-0.14045786857605,0.030420007184148,-0.096210360527039,0.0063566653989255,-0.05652267113328,-0.055748771876097,-0.017498692497611,0.025353809818625,0.02104352042079,-0.13214401900768,-0.015945851802826,0.078900098800659,-0.089142501354218,0.021093338727951,0.055710703134537,0.057081565260887,0.035086467862129,0.12432640790939,-0.028157494962215,-0.0010261605493724,-0.0027628124225885,-0.04567676782608,0.073689535260201,0.076336055994034,0.11717330664396,-0.10356298834085,0.13504108786583,0.14055067300797,-0.043416049331427,-0.16369703412056,0.14335024356842,0.092393964529037,0.13660961389542,0.087733685970306,-0.044163733720779,-0.09546934068203,-0.088500343263149,0.12609945237637,-0.075270235538483,0.080809265375137,0.05187226831913,-0.073108106851578,-0.15388956665993,0.06189065054059,-0.052206669002771,0.04723085463047,-0.16887524724007,0.067800261080265,-0.048029784113169,-0.011643249541521,-0.15504606068134,0.026105901226401,0.054728906601667,-0.061020817607641,0.02602699957788,0.092996716499329,-0.16380281746387,0.14904925227165,0.051347799599171,-0.01155187562108,0.035743776708841,0.071348816156387,-0.044419422745705,0.097033679485321,0.067690297961235,0.072666138410568,0.11527051776648,0.01912141777575,0.095349155366421,-0.099136635661125,0.073157869279385,-0.043333329260349
-0.0012037688866258,0.039357930421829,0.053471110761166,-0.17690314352512,0.081131555140018,0.13819049298763,-0.024793980643153,0.089945130050182,-0.025225281715393,0.010981128551066,-0.056296579539776,0.054704315960407,0.06125720217824,-0.062354035675526,0.050834711641073,0.035768769681454,-0.063142031431198,-0.16684120893478,-0.10775718837976,0.0087134074419737,0.073072612285614,0.058116514235735,-0.0075881071388721,-0.072086535394192,0.016135053709149,0.1154670342803,-0.027899002656341,0.025534946471453,0.074403218924999,-0.051096372306347,0.14265808463097,0.051717910915613,-0.090297915041447,0.11709661781788,-0.068095788359642,0.00026010457077064,-0.015486606396735,0.10558761656284,0.14706915616989,0.059381622821093,0.034268222749233,-0.047109480947256,0.007591416593641,-0.014191385358572,0.074681639671326,-0.11816221475601,-0.023104287683964,0.053533889353275,-0.028181759640574,0.066036991775036,-0.011857158504426,0.063698515295982,-0.12378936260939,0.0015267948620021,0.033540766686201,-0.043505426496267,-0.084986887872219,0.13139340281487,-0.14645099639893,-0.075750343501568,-0.062232859432697,-0.064692750573158,0.099330209195614,-0.035270020365715,-0.015629820525646,-0.032453626394272,-0.0075090457685292,0.15882663428783,-0.040935397148132,0.050173670053482,0.0027889420744032,0.12085461616516,-0.095794588327408,0.10075568407774,-0.0010063579538837,-0.04693877696991,0.034467943012714,-0.027687968686223,0.063028454780579,0.14523242413998,0.012953721918166,-0.010917906649411,0.19443352520466,0.10730635374784,-0.015116160735488,-0.20993819832802,0.14966426789761,0.16649435460567,0.17888501286507,-0.017083592712879,0.015972748398781,-0.066463090479374,-0.023762978613377,0.1960501074791,0.00092433503596112,-3.9368376747007e-05,0.041303943842649,-0.0064647849649191,-0.14457315206528,-0.001139088650234,-0.060603570193052,-0.015257861465216,-0.19634054601192,0.14066870510578,-0.070670686662197,0.054932720959187,-0.14243514835835,-0.0051877102814615,0.1100409924984,-0.096597522497177,0.017490793019533,0.12235737591982,-0.20363441109657,0.18740743398666,0.14487874507904,0.0076989280059934,-0.0063079735264182,0.0036367711145431,0.012760765850544,0.14826112985611,0.089112937450409,0.091630838811398,0.099351733922958,-0.00255534844473,-0.034032803028822,-0.060519754886627,0.069937467575073,0.0016290760831907
0.034883882850409,0.039595171809196,0.13119024038315,-0.050793502479792,-0.062160760164261,0.018082203343511,0.017470009624958,0.059666387736797,0.007193410769105,-0.11744908243418,0.0096785603091121,0.046153355389833,0.067515015602112,-0.056564837694168,-0.038366261869669,-0.022159978747368,-0.084055580198765,-0.18660308420658,-0.24819223582745,0.10893486440182,0.029190521687269,-0.014387945644557,-0.062756963074207,-0.011931819841266,-0.045676361769438,0.06266175955534,-0.072674922645092,0.056790128350258,-0.027171034365892,-0.069691464304924,0.076425544917583,-0.0051360544748604,-0.085960030555725,0.1174640879035,-0.10284688323736,-0.017526611685753,-0.096493802964687,0.21661455929279,-0.015178242698312,0.074240162968636,-0.0095426021143794,-0.027668882161379,-0.043465495109558,0.0055580190382898,0.12475594878197,-0.084771282970905,-0.058237310498953,-0.0093882409855723,-0.040959402918816,0.10881256312132,-0.00026609437190928,0.0023695954587311,-0.12297325581312,0.0084981005638838,0.043827168643475,-0.069763220846653,-0.22082902491093,0.13234502077103,-0.046711504459381,-0.062561996281147,-0.060354441404343,-0.040280558168888,0.047724202275276,0.026618810370564,-0.031758386641741,-0.030375335365534,0.050259191542864,0.049479890614748,-0.13113924860954,-0.05313241481781,0.073571667075157,-0.013068981468678,0.054991643875837,0.1129439920187,0.031483989208937,-0.045478019863367,0.020040893927217,-0.11309140920639,0.062461331486702,0.2184301763773,0.01803538389504,-0.16515980660915,0.085174098610878,-0.019790472462773,-0.086263537406921,-0.13784472644329,0.11597383767366,0.035892464220524,0.09349275380373,-0.0083044357597828,-0.045933321118355,-0.14980117976665,0.05209906026721,0.11004665493965,-0.066977046430111,0.033502630889416,0.071728140115738,-0.13985781371593,-0.066309489309788,0.020174134522676,-0.12164069712162,0.07263471186161,-0.16953599452972,0.14565037190914,-0.071667179465294,0.030541663989425,-0.092434138059616,0.095417812466621,0.08154334127903,-0.15236046910286,0.032611824572086,0.12548162043095,-0.2087831646204,0.16971728205681,0.067334920167923,0.02750900760293,-0.064569480717182,0.095044426620007,0.004598967730999,0.084393449127674,-0.060327362269163,0.079362444579601,0.011049533262849,0.042041253298521,0.136155590415,-0.053891230374575,0.070647224783897,-0.072934344410896
0.0031296308152378,-0.014360889792442,-0.044446125626564,-0.15924033522606,0.040843762457371,0.059713583439589,0.020232539623976,0.10443471372128,-0.069485254585743,0.10552079975605,-0.048676915466785,0.10114969313145,0.11897064000368,-0.04216631129384,-0.036081183701754,0.084567241370678,-0.055027920752764,-0.1385882049799,-0.15220429003239,0.096259348094463,-0.060425505042076,0.014247098937631,-0.002167395548895,-0.1019126996398,-0.15134659409523,0.17718005180359,-0.023711856454611,0.06677483767271,0.015796354040504,-0.079355612397194,-0.030672797933221,0.18676699697971,-0.0954420119524,0.097049608826637,-0.17115406692028,-0.022755490615964,-0.013884046114981,0.1452229321003,0.06791914999485,0.12475866824389,0.012715311720967,-0.057388171553612,0.012367751449347,-0.062535978853703,0.044559765607119,-0.13984273374081,-0.023212207481265,0.062016788870096,0.0060875271447003,0.13846373558044,0.070528477430344,-0.023100228980184,-0.22397667169571,0.076276279985905,0.043227840214968,-0.077630259096622,-0.06237742677331,0.073897033929825,-0.056160215288401,0.013208496384323,-0.043807782232761,-0.045579895377159,0.059709880501032,-0.013891419395804,-0.034991085529327,-0.035649236291647,-0.021356649696827,0.12200786918402,-0.021297089755535,-0.044757414609194,-0.028453309088945,0.08995632827282,0.021420082077384,0.25043800473213,0.0047957990318537,-0.03013801202178,0.081109173595905,-0.031919158995152,0.034707318991423,-0.0080686304718256,0.098858647048473,-0.070616066455841,0.12261745333672,0.058875795453787,-0.060862947255373,-0.10637208074331,0.13415589928627,0.1334892809391,0.21377012133598,-0.030105082318187,-0.047481723129749,-0.062394693493843,-0.018699750304222,0.12352193146944,0.017257627099752,0.054681066423655,0.065644681453705,-0.047358117997646,-0.090151190757751,0.028776250779629,-0.073952436447144,-0.033951193094254,-0.14617718756199,0.18613588809967,-0.024256967008114,0.016247527673841,-0.18366883695126,0.03489600494504,0.028605256229639,-0.066827848553658,-0.032019283622503,0.16375459730625,-0.067044772207737,0.15561208128929,0.03862151876092,-0.061665263026953,0.060943603515625,0.05348638817668,0.0083630066365004,0.051972161978483,0.042651124298573,0.057084567844868,0.17996363341808,-0.0090874554589391,-0.051040638238192,-0.071804754436016,-0.074129499495029,-0.030529817566276
-0.072610288858414,-0.074879415333271,-0.12605214118958,-0.12832315266132,0.051520504057407,0.090599462389946,-0.06538549810648,0.1355010420084,0.033006895333529,0.088561601936817,-0.066417016088963,0.12632222473621,0.032688174396753,-0.13945636153221,-0.13266608119011,0.12533067166805,-0.13923034071922,0.026708116754889,-0.052008915692568,-0.0014609608333558,0.1228689327836,-0.021003725007176,0.061395827680826,-0.027867874130607,-0.11286500841379,0.12540249526501,0.11969938874245,-0.18515673279762,-0.071029402315617,-0.0055798925459385,-0.0841925740242,0.023533560335636,0.050055418163538,0.04610088840127,-0.037882596254349,-0.026547828689218,0.0059874630533159,0.010327818803489,-0.040432911366224,0.012491851113737,0.010568297468126,-0.087278909981251,0.028896944597363,0.092176780104637,-0.019715776666999,-0.063214629888535,0.1053546667099,-0.032708693295717,-0.082888729870319,0.046012051403522,0.083314403891563,-0.1396526247263,-0.082665823400021,0.070951581001282,0.11233324557543,0.039837669581175,0.10754600167274,-0.061109818518162,-0.037117328494787,-0.082482047379017,0.055882908403873,-0.11776531487703,0.079529538750648,0.037788193672895,0.0893360003829,-0.19853320717812,-0.1458293646574,0.15396426618099,0.13702794909477,0.074682526290417,-0.062987342476845,0.01882204040885,-0.086950108408928,-0.12343042343855,-0.02966789714992,0.092480629682541,-0.032753627747297,0.16731292009354,-0.056749131530523,-0.092879898846149,-0.042705599218607,0.075000211596489,0.04140006005764,0.10235118120909,-0.13364958763123,0.053997758775949,0.13650387525558,0.13685664534569,0.10806895047426,0.012554947286844,-0.090364523231983,-0.061801858246326,-0.17108653485775,0.02110013179481,-0.026208670809865,0.13181036710739,-0.034477788954973,0.058404520153999,-0.018724218010902,0.016052642837167,0.087073534727097,-0.10783769190311,-0.087293229997158,0.024810813367367,0.076644204556942,-0.10597563534975,-0.19589579105377,-0.019440283998847,-0.19649775326252,-0.045131266117096,-0.091595225036144,0.06360549479723,0.023798249661922,-0.076350726187229,0.07297058403492,0.049333892762661,-0.041966024786234,-0.10598786920309,-0.013766014948487,0.040345292538404,0.090129524469376,0.065200947225094,0.14888124167919,-0.049511555582285,-0.032158050686121,0.0206348747015,-0.036861512809992,0.03835229203105
-0.031110199168324,0.072548910975456,0.065747775137424,-0.0072386516258121,0.022135488688946,0.062144599854946,-0.00714924139902,0.092840157449245,-0.0055581484921277,0.09031119197607,-0.031036354601383,-0.015405878424644,0.098542168736458,-0.089325562119484,0.034341726452112,0.16502723097801,-0.086505405604839,0.0033147498033941,-0.12979464232922,0.094007782638073,0.1865309625864,-0.10191009938717,0.048905234783888,-0.089383751153946,-0.061556063592434,-0.0091179264709353,-0.19582653045654,-0.14374470710754,-0.022685600444674,0.044970240443945,-0.050250846892595,0.13816672563553,0.05987624078989,0.099847182631493,0.036694936454296,0.031952921301126,0.11425958573818,0.12701836228371,0.0035438099876046,-0.10587628185749,-0.055794056504965,-0.096686236560345,0.12159092724323,-0.11799048632383,0.043506275862455,-0.0024821835104376,0.14709681272507,-0.035350680351257,-0.11964333802462,0.066113576292992,0.056496985256672,-0.092690072953701,-0.11312416940928,0.13474452495575,0.18049794435501,-0.00645264191553,0.074946507811546,-0.20463462173939,-0.01964601315558,-0.11890749633312,0.02911433018744,-0.077899500727654,-0.087198749184608,-0.10668712109327,0.12434548139572,-0.011405130848289,-0.098401874303818,0.096173986792564,-0.0061274482868612,-0.0082412119954824,-0.0074318610131741,0.044147085398436,-0.084160082042217,-0.054670173674822,0.019726324826479,0.06491331756115,0.039864920079708,0.11354114860296,0.057624910026789,-0.030705906450748,0.0042482218705118,-0.010966134257615,-0.029707759618759,0.095842115581036,-0.04207269847393,0.10644804686308,0.0021832033526152,0.1017102971673,0.14148274064064,0.11391142755747,-0.043164733797312,-0.096494406461716,-0.10243258625269,0.033176731318235,-0.15074475109577,0.087878972291946,-0.029783520847559,0.12938217818737,-0.047849401831627,0.059394739568233,0.084654308855534,-0.044765055179596,-0.079562306404114,0.022503530606627,0.065428495407104,0.031535010784864,-0.091907747089863,0.051634471863508,0.029972990974784,-0.029387127608061,-0.23283170163631,0.030451115220785,-0.090658962726593,-0.072447791695595,0.12887750566006,0.03548377379775,0.011875881813467,-0.063062839210033,-0.10188444703817,0.064276002347469,0.048745781183243,0.11536615341902,0.19172331690788,0.087867863476276,0.074526995420456,0.0081576714292169,0.14973296225071,0.0054626809433103
-0.11050869524479,-0.034058816730976,0.020860930904746,-0.11623170226812,0.046976901590824,0.14199021458626,-0.087230354547501,0.067921191453934,-0.03076608479023,0.10683576762676,-0.049719743430614,0.071208328008652,0.06273391097784,-0.081213392317295,-0.047224778681993,0.11955083906651,-0.12037758529186,0.11049032211304,-0.030141366645694,-0.065896116197109,0.2248959839344,-0.043210133910179,0.089440226554871,-0.061943709850311,-0.038267649710178,0.098322480916977,-0.03036798350513,-0.19793283939362,-0.03481038659811,0.008203481324017,0.015101159922779,0.0037459193263203,0.03085969761014,0.031754408031702,0.076806180179119,0.0089246910065413,-0.024041369557381,0.04938854649663,0.070301122963428,-0.025304106995463,-0.035139203071594,-0.030130360275507,0.027064215391874,0.025376033037901,-0.012721545062959,-0.12137331068516,0.09917588531971,-0.051842145621777,-0.11241552978754,-0.027781318873167,0.0753563195467,-0.12129585444927,-0.072358518838882,0.075776591897011,0.061926756054163,0.058099683374166,0.16117185354233,-0.034633375704288,-0.081486202776432,-0.11724341660738,0.053731575608253,-0.074349649250507,0.05925802513957,-0.013889461755753,0.17581412196159,-0.13098311424255,-0.13799612224102,0.16804081201553,0.05499542504549,0.13851490616798,0.010375087149441,0.072347976267338,-0.1047700420022,-0.1511789560318,-0.069593593478203,0.059141095727682,-0.077341377735138,0.091154202818871,0.0025132161099464,-0.067106828093529,-0.09467438608408,0.071852378547192,0.085026934742928,0.12735812366009,-0.17203202843666,-0.0053822328336537,0.14176075160503,0.13388961553574,0.099205754697323,-0.018045900389552,-0.088716216385365,-0.062852472066879,-0.05976028367877,0.051960457116365,-0.049904257059097,0.065073482692242,-0.072045929729939,0.15713062882423,-0.11255482584238,0.093213997781277,0.099213741719723,-0.049746468663216,-0.13693141937256,0.020723104476929,0.1701397895813,-0.043389722704887,-0.11245302855968,-0.060824565589428,-0.055408805608749,-0.061724919825792,-0.19138535857201,-0.0008556772954762,-0.035777200013399,-0.036378640681505,0.15298835933208,0.094296418130398,-0.03452005982399,-0.069909982383251,-0.042173787951469,0.069559685885906,0.084664985537529,0.0096224853768945,0.099287919700146,-0.087469309568405,-0.015392721630633,0.064614869654179,0.026068929582834,0.089706227183342
0.11166147887707,-0.056147530674934,-0.041327226907015,-0.0083863837644458,0.054673098027706,0.15124571323395,-0.0017811718862504,0.15197923779488,-0.052587933838367,0.090039171278477,0.041735585778952,0.023269871249795,0.067619822919369,-0.11861056834459,-0.032022666186094,0.11685833334923,0.040791526436806,0.17321456968784,-0.038502059876919,-0.0076607442460954,0.25332075357437,-0.0042278370819986,0.086019963026047,-0.031886100769043,-0.038711152970791,-0.0066885543055832,-0.053708121180534,-0.20893763005733,-0.029636241495609,0.043380856513977,-0.062382854521275,0.073311097919941,0.020937100052834,0.09857801347971,0.058647740632296,-0.082317396998405,0.04437779635191,0.045712355524302,0.080239042639732,-0.10651534795761,-0.092031620442867,-0.0089616132900119,0.018298536539078,0.010695569217205,-0.055950820446014,-0.17287170886993,0.053612150251865,-0.064452067017555,-0.082258202135563,0.061717227101326,0.15092046558857,-0.06535142660141,-0.092076539993286,0.1230890378356,0.026934918016195,-0.020058298483491,0.20331157743931,-0.14317841827869,-0.0080682747066021,-0.12757466733456,0.065505094826221,-0.12228048592806,0.013698479160666,-0.11585370451212,0.066442891955376,-0.13156318664551,-0.090415954589844,0.10026558488607,0.055596362799406,0.092394270002842,-0.024687802419066,0.044988568872213,-0.10012827068567,-0.11243311315775,-0.17864359915257,-0.032264403998852,0.018452674150467,0.078077033162117,-0.020576953887939,-0.03589029982686,-0.069336473941803,0.055134605616331,0.036423776298761,0.014560919255018,0.016800500452518,0.040345724672079,0.051129218190908,0.049412529915571,0.13581176102161,0.021303983405232,-0.01642726175487,-0.072133958339691,-0.19416901469231,0.036422930657864,-0.015604669228196,0.032590560615063,-0.035774979740381,0.14267499744892,-0.14367024600506,0.07521790266037,0.1323996335268,0.0094748884439468,-0.025242183357477,0.064697563648224,0.13228736817837,-0.080476500093937,-0.027752550318837,-0.05266186222434,-0.0010202246485278,-0.04301168769598,-0.17667859792709,0.0097965057939291,-0.0067141461186111,-0.045448910444975,0.18362802267075,0.02493616566062,0.043401684612036,-0.12447699159384,-0.031515389680862,0.015927322208881,0.0447115637362,0.045871961861849,0.17229500412941,0.0099149541929364,0.085690818727016,-0.070505529642105,0.14988893270493,0.052190024405718
-0.018328944221139,0.018312219530344,-0.076453275978565,-0.096932001411915,0.053431589156389,0.13862307369709,-0.057339068502188,0.072850845754147,-0.1080471649766,0.14929585158825,-0.041186764836311,0.052173018455505,0.086922273039818,-0.082832671701908,-0.038572430610657,0.19141034781933,-0.081285566091537,0.048691533505917,-0.054551023989916,0.036405902355909,0.11799295991659,-0.02244452945888,0.11811077594757,-0.10898384451866,-0.12252394109964,0.10516864806414,-0.037214986979961,-0.16437759995461,-0.032365918159485,0.015611122362316,-0.10097295790911,0.13077571988106,-0.0094422707334161,0.075088433921337,-0.0018772426992655,0.023716600611806,0.042333263903856,0.069688729941845,0.045135412365198,0.0093755600973964,-0.095848314464092,-0.065287187695503,0.062339626252651,-0.019728140905499,-0.021908378228545,-0.0320766530931,0.15801224112511,-0.0078293178230524,-0.13319417834282,0.11691555380821,0.15161921083927,-0.09067552536726,-0.1791680008173,0.12561641633511,0.10236678272486,-0.017855178564787,0.16587136685848,-0.089436814188957,0.0038460979703814,-0.0644785836339,0.046532183885574,-0.057983938604593,0.046346470713615,-0.082033574581146,0.14282733201981,-0.14996807277203,-0.13036163151264,0.15771059691906,0.061839867383242,0.11964486539364,-0.035966347903013,0.097229592502117,-0.060286812484264,-0.0048267156817019,-0.063187599182129,0.017358576878905,0.010774598456919,0.1225855499506,-0.012457714416087,-0.11644430458546,0.038185235112906,0.032858774065971,0.00094245566288009,0.073451690375805,-0.13468660414219,0.040359538048506,0.047249175608158,0.085431814193726,0.14844968914986,0.056269831955433,-0.059181638062,-0.062135960906744,-0.14648613333702,0.038353599607944,-0.022891012951732,0.118597202003,-0.0035436186008155,0.1552802324295,-0.076588273048401,0.07091312110424,0.065683729946613,-0.027931950986385,-0.10190742462873,0.069511726498604,0.094231955707073,-0.038144990801811,-0.17033030092716,0.00068321765866131,-0.05296067148447,-0.023525502532721,-0.17197676002979,0.081046439707279,0.023678520694375,-0.027877995744348,0.10242240130901,0.02054157294333,0.054301299154758,-0.084549084305763,-0.048863925039768,0.043204955756664,0.077600196003914,0.048439390957355,0.24771919846535,-0.010141653940082,-0.0027004787698388,-0.012350544333458,0.043239109218121,0.027550226077437
-0.033606119453907,-0.047718122601509,0.013698387891054,-0.092688754200935,0.13854759931564,0.088788934051991,0.0047637391835451,0.12943072617054,0.05794719979167,0.10124960541725,-0.034695316106081,0.023681679740548,0.1213166192174,-0.095089569687843,0.0019500741036609,0.11822222173214,-0.046914003789425,0.18571552634239,-0.18117764592171,-0.020065769553185,0.25887322425842,-0.014551687054336,0.090791679918766,-0.013259487226605,-0.049492087215185,-0.078907065093517,-0.10759891569614,-0.18359333276749,-0.0084013771265745,0.045490592718124,0.04241981357336,0.088748283684254,0.019335785880685,0.068743512034416,0.073071449995041,-0.038171038031578,-0.0087403990328312,0.023771742358804,-0.0093675311654806,-0.067180678248405,0.00054357282351702,-0.010117843747139,-0.010838963091373,0.065038435161114,-0.047413975000381,-0.10656876116991,0.0016647916054353,0.034735471010208,-0.034670203924179,-0.021787891164422,0.071615137159824,-0.1264720261097,-0.097340121865273,-0.0033908407203853,-0.0168013330549,0.024548774585128,0.11597923189402,-0.10124493390322,-0.030505638569593,-0.079394243657589,0.038136292248964,-0.092908509075642,-0.061367027461529,0.018393849954009,0.074893660843372,-0.19486764073372,-0.1301651597023,0.16674999892712,0.049236960709095,0.067557476460934,0.031981229782104,0.052766993641853,-0.070697605609894,-0.22800394892693,-0.16197627782822,0.067497842013836,-0.068323522806168,0.11353126168251,-0.020081354305148,-0.036261580884457,-0.037129294127226,0.063352845609188,0.011658598668873,0.12337905168533,-0.067634366452694,0.059792369604111,0.12215562909842,0.10066846758127,0.045722328126431,0.010956650599837,-0.056160487234592,-0.051374688744545,-0.15902204811573,-0.004563448484987,-0.093330092728138,0.061674706637859,-0.14040997624397,0.098207235336304,-0.14242163300514,0.06413695961237,0.17436510324478,-0.071907177567482,-0.060017552226782,0.048461154103279,0.14684781432152,-0.11570266634226,-0.1296359449625,-0.014781663194299,0.04902084171772,-0.0048085595481098,-0.18634039163589,-0.0058474754914641,-0.10587230324745,-0.011725481599569,0.09814565628767,0.090048499405384,-0.059839017689228,-0.064079090952873,-0.090151131153107,0.095790587365627,0.058589901775122,0.09555247426033,0.018266130238771,0.052725896239281,-0.013195990584791,-0.048426635563374,-0.033103290945292,0.032152112573385
-0.10338379442692,-0.02228906005621,0.031305767595768,-0.12995371222496,0.070307970046997,-0.025325590744615,-0.079058520495892,0.16325816512108,0.072129726409912,0.055084206163883,-0.10609190165997,0.074220806360245,0.087721712887287,-0.071803227066994,-0.071630448102951,0.13497857749462,-0.022627519443631,0.025923684239388,-0.18859830498695,0.055801909416914,0.18550223112106,-0.066138066351414,0.08483761548996,-0.036623492836952,-0.059056099504232,0.048398688435555,-0.024717450141907,-0.090518452227116,-0.023875443264842,-0.028348201885819,0.054917443543673,0.087578311562538,0.084516279399395,0.071757860481739,-0.06271681189537,-0.066654913127422,-0.033197954297066,0.19603829085827,-0.042175337672234,-0.011675009503961,-0.039443630725145,0.0079465713351965,0.035928227007389,0.033036466687918,0.07906100153923,-0.11901120841503,0.026191240176558,-0.050078220665455,-0.046974793076515,0.047435026615858,0.056055642664433,-0.11627243459225,-0.10067979991436,0.0043680621311069,0.022733243182302,-0.0066736810840666,0.047850467264652,-0.055548496544361,-0.012349951080978,-0.15883101522923,0.033756148070097,-0.12614989280701,-0.063068427145481,0.062405668199062,0.039866276085377,-0.16469530761242,-0.13337726891041,0.17442026734352,0.016524605453014,0.016973551362753,0.028999611735344,0.0026472355239093,-0.06306130439043,-0.095818445086479,-0.076810732483864,0.059074390679598,-0.025411123409867,0.074817568063736,-0.0023792386054993,-0.016012161970139,-0.10177952051163,0.039815068244934,0.05378806963563,0.11573101580143,-0.062442496418953,-0.054638516157866,0.11593993753195,0.16401237249374,0.16655077040195,-0.054863423109055,-0.15681979060173,-0.057284735143185,-0.10010099411011,0.04301606118679,0.025746129453182,0.11940426379442,-0.044572953134775,0.081436432898045,-0.1719017624855,0.015470962040126,0.017970819026232,-0.11573012918234,-0.13193371891975,0.14120674133301,0.0355537943542,-0.096445024013519,-0.1922295987606,-0.031313832849264,0.059033337980509,-0.1338427066803,-0.16165493428707,0.095200255513191,-0.14713187515736,0.074974991381168,0.10489168018103,0.023342298343778,-0.07306207716465,-0.093629375100136,-0.027846641838551,0.10046971589327,0.020742934197187,0.20936694741249,0.046891879290342,-0.0013541320804507,-0.0023497508373111,-0.081128925085068,-0.010464063845575,-0.018825775012374
-0.038110993802547,0.0071453852578998,-0.024829218164086,-0.039312109351158,0.028149731457233,0.15966749191284,-0.055428087711334,0.0465994104743,-0.061972294002771,0.015911389142275,-0.075829438865185,0.08177825063467,-0.0052896495908499,-0.12933191657066,-0.089645728468895,0.11641512811184,-0.1540874093771,0.039381954818964,0.0042446036823094,-0.029022449627519,0.19717027246952,-0.033693365752697,0.10079287737608,-0.12187475711107,-0.046940792351961,0.074948042631149,-0.064903490245342,-0.23614504933357,-0.078690327703953,0.039350531995296,-0.06508456915617,0.033805530518293,0.011482049711049,0.043454382568598,0.069570526480675,-0.0091315507888794,0.026127085089684,0.04286540672183,0.061684135347605,-0.025875154882669,-0.055908590555191,-0.033319178968668,0.071186147630215,-0.023246796801686,-0.024634048342705,-0.038546819239855,0.17904283106327,-0.12504862248898,-0.13385930657387,0.087670937180519,0.094834141433239,-0.070553041994572,-0.063212640583515,0.15495757758617,0.13071396946907,-0.0050113378092647,0.22333087027073,-0.086556471884251,-0.065684750676155,-0.11257814615965,0.083184003829956,-0.038203608244658,0.073432289063931,-0.088921554386616,0.18098223209381,-0.15592637658119,-0.1074800863862,0.10354068130255,0.061519425362349,0.15525804460049,-0.0041478681378067,0.092046000063419,-0.087688252329826,-0.040393099188805,-0.054381862282753,0.056069608777761,-0.045415960252285,0.056264560669661,-0.021683527156711,-0.054520197212696,-0.073680840432644,0.075275920331478,0.050379693508148,0.11515095829964,-0.12476141750813,0.042233977466822,0.05843036994338,0.090875320136547,0.081007704138756,0.0093296300619841,-0.048190128058195,-0.080472357571125,-0.11059890687466,0.01966000162065,-0.043747615069151,0.06389108300209,0.0084680868312716,0.18679574131966,-0.06756404042244,0.1076788008213,0.0606386102736,-0.018117452040315,-0.098442994058132,0.036006413400173,0.10760799795389,-0.038213774561882,-0.088251367211342,0.018989035859704,-0.12590058147907,-0.017590494826436,-0.15321023762226,-0.013235841877759,-0.0093409260734916,-0.088812716305256,0.13037921488285,0.081366457045078,0.036951415240765,-0.085862062871456,-0.0094122290611267,0.056051507592201,0.076681904494762,0.060862008482218,0.20342390239239,-0.088584564626217,0.042423523962498,0.034116134047508,0.12087704241276,0.081746011972427
-0.015571782365441,0.14164897799492,-0.14415358006954,-0.076115243136883,0.13464523851871,0.10911464691162,-0.0010743296006694,-0.023277088999748,-0.091637194156647,0.1201908364892,-0.039796940982342,0.083672307431698,0.081245288252831,-0.0081127239391208,-0.040804568678141,0.15411429107189,0.020121989771724,0.073900416493416,-0.025993792340159,0.018226599320769,0.079136393964291,-0.02153199724853,0.15979962050915,-0.10522314161062,-0.03308142349124,-0.016914281994104,-0.019717279821634,-0.05626642331481,0.045325983315706,0.13148441910744,-0.085470572113991,0.15602537989616,0.06131212040782,0.061422821134329,-0.030529482290149,-0.045899845659733,0.092702589929104,0.051843956112862,0.064756236970425,0.022075433284044,-0.045044708997011,-0.030517783015966,0.178288012743,-0.039442054927349,-0.1338644772768,-0.025218144059181,0.16983477771282,-0.020264558494091,-0.061438977718353,0.13359680771828,0.1597726047039,-0.0087841143831611,-0.16219346225262,0.097549438476562,0.071987770497799,0.0050467289984226,0.16844594478607,-0.033585589379072,-0.024975292384624,-0.010570959188044,-0.056552682071924,-0.063033267855644,0.060942642390728,-0.17424304783344,0.13472764194012,-0.097176246345043,-0.15420469641685,0.080096915364265,-0.081557288765907,0.12537205219269,-0.0076909204944968,0.12908117473125,-0.089639969170094,0.036864154040813,-0.00038828834658489,0.087285399436951,0.070933684706688,0.059104159474373,-0.064052782952785,-0.14556676149368,-0.0080695655196905,0.048965901136398,0.07833244651556,0.17018109560013,-0.065657168626785,0.039340179413557,-0.018913313746452,0.045001450926065,0.11721064150333,0.03379824385047,-0.08784581720829,-0.11423449218273,-0.13335408270359,-0.0042270179837942,0.076201498508453,-0.0082091875374317,-0.033143941313028,0.24240505695343,-0.076515905559063,0.039176404476166,0.016971882432699,-0.0072625116445124,0.0062381746247411,0.18841408193111,0.010669944807887,0.00028577371267602,-0.13716225326061,0.068227335810661,0.0020272471010685,-0.044370155781507,-0.13423544168472,0.024019999429584,0.026674993336201,0.073322631418705,0.026965202763677,-0.01550074107945,0.10450475662947,-0.0092064635828137,0.010773189365864,0.16916716098785,0.094087854027748,0.043627958744764,0.13794708251953,-0.025292716920376,-0.052690330892801,-0.0036201747134328,0.021067161113024,0.044058665633202
-0.04200654104352,0.063226856291294,-0.088227406144142,-0.067801661789417,0.071605175733566,0.11785417795181,-0.088072836399078,-0.046575132757425,-0.10732638835907,0.081174626946449,0.017581859603524,0.10543864965439,0.039081115275621,0.020180519670248,-0.060880102217197,0.15168620646,-0.039720218628645,0.06586354970932,0.029839741066098,-0.012047280557454,0.10456313937902,-0.023129129782319,0.16371811926365,-0.07522439956665,-0.0085424249991775,0.11422822624445,0.057441513985395,-0.10272172838449,0.0082980496808887,0.054397538304329,-0.051930576562881,0.085273742675781,0.054956123232841,0.049889776855707,-0.043131683021784,0.037087716162205,0.016497552394867,0.077738016843796,0.094343587756157,0.077341504395008,-0.052590347826481,-0.0025109329726547,0.087347462773323,-0.013724630698562,-0.10519678145647,-0.055598076432943,0.18235462903976,-0.086055107414722,-0.086361244320869,0.072143219411373,0.12727555632591,6.5409449234721e-06,-0.15142035484314,0.12064274400473,0.085080973803997,0.038715306669474,0.19687704741955,0.03068477101624,-0.044534511864185,-0.016223434358835,-0.039339650422335,-0.07863462716341,0.13416941463947,-0.12659533321857,0.16307759284973,-0.099019519984722,-0.12380126863718,0.12430469691753,0.0074904938228428,0.23860493302345,-0.0048808860592544,0.14033316075802,-0.092106185853481,0.038810428231955,0.034182090312243,0.023585291579366,-0.00029039452783763,0.083387792110443,-0.092565938830376,-0.13484790921211,-0.067808158695698,0.090853966772556,0.099411144852638,0.099437572062016,-0.16868659853935,0.017531545832753,0.055074140429497,0.066293694078922,0.069631949067116,-0.032158724963665,-0.067214585840702,-0.087202310562134,-0.068506062030792,0.012497553601861,0.094121374189854,0.00034428309299983,-0.039193034172058,0.2294545173645,-0.028250129893422,0.047910168766975,-0.047147367149591,-0.02156063169241,-0.049446284770966,0.14601223170757,0.081395901739597,0.017787627875805,-0.12647096812725,0.010707999579608,-0.02001496963203,-0.11383350193501,-0.15692323446274,0.059457965195179,0.038477674126625,0.040673281997442,0.10467451065779,0.014747563749552,0.089730262756348,-0.092559307813644,0.039551828056574,0.13673336803913,0.11681192368269,0.026074860244989,0.12839248776436,-0.061291016638279,-0.06042380258441,0.057693976908922,0.057060491293669,0.12497419118881
0.02347000874579,0.069341078400612,-0.14141473174095,-0.014042407274246,0.047037560492754,0.12663158774376,-0.060643173754215,-0.064318276941776,-0.12244365364313,0.050394576042891,0.025555495172739,0.10654341429472,0.027338273823261,-0.059268917888403,-0.098878294229507,0.15538558363914,-0.089622959494591,-0.017101248726249,0.071914188563824,0.050692643970251,0.1119599789381,-0.031241806223989,0.11705791950226,-0.098191156983376,-0.0078285606577992,0.1394552141428,0.024379536509514,-0.16292099654675,0.0092171747237444,0.10981795936823,-0.11518333107233,0.11878692358732,0.025576513260603,0.038403440266848,-0.02932670339942,0.0079795895144343,0.046049572527409,0.068218491971493,0.16176289319992,0.027672175318003,-0.071710303425789,-0.075671903789043,0.099530875682831,-0.042390502989292,-0.078885301947594,-0.010452372953296,0.2181697934866,-0.092647232115269,-0.10859821736813,0.093313552439213,0.11397583782673,0.066794127225876,-0.10148121416569,0.16190199553967,0.13917773962021,-0.024099972099066,0.2221395522356,-0.03129855170846,-0.073723658919334,-0.030117260292172,0.00072173250373453,-0.080420933663845,0.17135569453239,-0.12966933846474,0.11515190452337,-0.084515392780304,-0.082537665963173,0.0973259806633,0.055528715252876,0.13350243866444,-0.045183643698692,0.13118515908718,-0.12921634316444,0.070680893957615,0.057841803878546,0.026523588225245,0.026952410116792,0.069476805627346,-0.067056752741337,-0.010016407817602,-0.016888557001948,0.063281401991844,0.0866913869977,0.099460743367672,-0.10916256904602,0.068844445049763,0.013454775325954,0.058033317327499,0.088388927280903,-0.016773827373981,-0.032828040421009,-0.083019591867924,-0.10636469721794,0.083475217223167,-0.01083099655807,-0.038600292056799,0.014417792670429,0.20051918923855,0.029993150383234,-0.0017419855576009,-0.0021855141967535,-0.010447417385876,-0.04893783479929,0.13985729217529,0.038720436394215,0.037785481661558,-0.071495905518532,0.1091082021594,-0.050018858164549,-0.055475145578384,-0.12698411941528,0.047483280301094,0.011841210536659,-0.013919946737587,0.095543727278709,0.031454186886549,0.055443856865168,-0.076425611972809,0.026372395455837,0.10399498790503,0.093513011932373,0.035027209669352,0.20463359355927,-0.065170608460903,-0.041194513440132,0.068293556571007,0.11128754913807,0.111363530159
0.0086059160530567,0.04350409284234,-0.03333069011569,-0.017221117392182,0.064714796841145,0.10443476587534,-0.057607978582382,-0.018919318914413,-0.23762215673923,0.12322046607733,0.0040152068249881,0.058125004172325,0.055688720196486,0.070008181035519,0.01247841026634,0.12714548408985,0.048928689211607,0.12613996863365,0.075671620666981,0.014252298511565,0.079534761607647,-0.034982670098543,0.19692519307137,-0.048535410314798,-0.005697226151824,0.078125849366188,-0.013606948778033,-0.092896170914173,0.022758521139622,0.027201388031244,-0.08896367251873,0.097622886300087,0.0093439780175686,0.026988252997398,-0.030968561768532,0.022483292967081,-0.010433345101774,0.10164774954319,0.075577959418297,0.04742668569088,-0.089672386646271,0.055645328015089,0.067418843507767,-0.039002917706966,-0.15698520839214,-0.026150655001402,0.18174417316914,-0.089658074080944,-0.10082933306694,0.076475732028484,0.18859767913818,0.011321985162795,-0.16215258836746,0.11803960800171,0.065007880330086,-0.0063105705194175,0.24767585098743,0.027528826147318,0.052469681948423,-0.019809065386653,-0.01381921581924,-0.026506412774324,0.054115056991577,-0.13764943182468,0.16376702487469,-0.065906338393688,-0.10254489630461,0.094223640859127,-0.020344793796539,0.24055173993111,0.018441740423441,0.17205341160297,-0.042256355285645,0.083792217075825,-0.0086024506017566,-0.0088762240484357,-0.0040785069577396,0.067067347466946,-0.025320582091808,-0.14799855649471,-0.066342115402222,0.05883177742362,0.061531644314528,0.026274675503373,-0.11202372610569,-0.013486226089299,0.019292209297419,0.037091873586178,0.061584182083607,-0.044649038463831,-0.064851962029934,-0.022284945473075,-0.032988183200359,-0.033888518810272,0.089044697582722,-0.03326116502285,0.014200337231159,0.27070739865303,-0.054398719221354,0.036336664110422,-0.049219988286495,0.052457351237535,0.013774953782558,0.15094874799252,0.058846402913332,0.011595589108765,-0.09316411614418,0.0034158634953201,0.076702781021595,-0.11169046908617,-0.15132643282413,0.077793583273888,0.066011592745781,0.023173231631517,0.09364015609026,-2.6395235181553e-05,0.12219762802124,-0.12013218551874,0.0048221778124571,0.1026683524251,0.060814160853624,-0.0041113132610917,0.11277867108583,-0.061541654169559,-0.049970392137766,0.04227489233017,0.073118418455124,0.10525789856911
-0.0092985881492496,0.046112108975649,-0.1552611887455,-0.042654618620872,0.11946253478527,0.092367522418499,-0.039808958768845,-0.067804016172886,-0.087308883666992,0.11822034418583,0.023723062127829,0.12994764745235,0.039185110479593,-0.0024203262291849,-0.099093087017536,0.16009034216404,-0.0037497512530535,0.12345930933952,0.040241129696369,0.023952018469572,0.10663917660713,-0.027980210259557,0.12596400082111,-0.074063755571842,-0.024023067206144,0.11417128145695,0.040863025933504,-0.11262691766024,0.027284735813737,0.11206599324942,-0.094142533838749,0.13767300546169,0.044984824955463,0.036488175392151,-0.0056590856984258,0.011435529217124,0.04375509545207,0.055919513106346,0.10937298089266,0.0031120348721743,-0.053858239203691,0.0041740792803466,0.11586233973503,0.017726575955749,-0.12373500317335,-0.068443723022938,0.179816827178,-0.050276461988688,-0.050200015306473,0.05232435464859,0.12877796590328,-0.0146214812994,-0.16248533129692,0.10769455134869,0.10593611747026,0.025929713621736,0.16971608996391,0.0083026587963104,-0.057197943329811,-0.0020482484251261,-0.016157168895006,-0.11862637847662,0.16292643547058,-0.12706430256367,0.16486789286137,-0.11950781941414,-0.14663921296597,0.089670598506927,0.018652146682143,0.18745943903923,-0.015100808814168,0.14189921319485,-0.07544083148241,0.028445594012737,-0.042406301945448,0.01206417568028,0.038858108222485,0.11637302488089,-0.092044472694397,-0.18517424166203,-0.040618360042572,0.12990522384644,0.060088999569416,0.093560606241226,-0.11725191026926,0.0042107398621738,0.030816333368421,0.082390137016773,0.1139919012785,-0.01768546551466,-0.0499587059021,-0.070333003997803,-0.1154957190156,-0.00096363009652123,0.10687709599733,-0.014658634550869,-0.035505406558514,0.20674383640289,-0.022234015166759,0.035759519785643,-0.0090995812788606,-0.029350023716688,-0.019478237256408,0.12254113703966,0.070451475679874,0.0089610321447253,-0.094625294208527,0.0046487059444189,-0.013048186898232,-0.042793340981007,-0.15186937153339,0.034612935036421,0.046031013131142,0.045481041073799,0.095605552196503,-0.016540007665753,0.10908107459545,-0.10054862499237,0.014641536399722,0.091677591204643,0.097251951694489,0.047201815992594,0.16195678710938,-0.045502997934818,-0.075453490018845,0.039662580937147,0.040810991078615,0.082723118364811
-0.0088858911767602,0.077787257730961,-0.097785547375679,-0.0476447455585,0.036560747772455,0.064723581075668,-0.04905042797327,-0.00038285192567855,-0.061745926737785,0.13600692152977,0.026373781263828,0.064456932246685,0.061586536467075,0.013457973487675,-0.089937843382359,0.13585163652897,-0.0176872741431,0.061522025614977,-0.0016626290744171,0.0017106544692069,0.096850007772446,-0.059291511774063,0.1213822811842,-0.17906975746155,-0.036109186708927,0.10655450075865,-0.018048474565148,-0.061305057257414,-0.0086324457079172,0.058278609067202,-0.096809573471546,0.15629926323891,0.04623095318675,0.029456550255418,-0.046365778893232,-0.028160227462649,0.05471208691597,0.15011078119278,0.15330755710602,0.032243207097054,-0.094912208616734,-0.0076117976568639,0.063973695039749,-0.092421017587185,-0.064707666635513,-0.093193411827087,0.097469978034496,-0.091758459806442,-0.031248027458787,0.059785392135382,0.13788172602654,0.10110604017973,-0.16770866513252,0.17238648235798,0.052717879414558,-0.032120656222105,0.23247802257538,-0.11162999272346,-0.056939370930195,-0.043090645223856,0.0089793112128973,-0.13351236283779,0.067746117711067,-0.10602480918169,0.088198460638523,-0.073895700275898,-0.084500394761562,0.17284694314003,0.061081349849701,0.14750380814075,0.029700519517064,0.11522726714611,-0.067745134234428,0.068770609796047,-0.010852169245481,0.022313073277473,0.018813559785485,0.03292965516448,-0.074947476387024,-0.11297383159399,-0.07794164121151,0.068802922964096,0.11802294850349,0.12490925937891,-0.074271194636822,0.027783887460828,0.039954353123903,0.093785099685192,0.17991237342358,-0.067432187497616,-0.12170311808586,-0.091253943741322,-0.040193505585194,0.043670643121004,0.035208996385336,-0.076048448681831,-0.0051247240044177,0.17548197507858,-0.055523037910461,0.037150707095861,0.0047785737551749,0.0013838175218552,-0.037032887339592,0.17357011139393,0.12177098542452,-0.008572181686759,-0.072046868503094,0.038642358034849,0.034798104315996,-0.073182880878448,-0.19707231223583,0.03079049102962,-0.0072934087365866,0.06581100076437,0.11441634595394,-0.022437645122409,0.076953403651714,-0.075960576534271,0.040053460747004,0.042852248996496,0.075092025101185,0.074829429388046,0.18095983564854,-0.043712895363569,0.03254359960556,-0.012029736302793,0.10104941576719,0.12992139160633
0.05148708075285,0.040889445692301,-0.11773502081633,0.032885480672121,0.090900801122189,0.084750846028328,-0.067029640078545,-0.021568803116679,-0.11125031113625,0.05664861947298,0.030388375744224,0.13846245408058,0.052686627954245,-0.082696102559566,-0.11290656775236,0.14828895032406,0.0069562499411404,0.069252170622349,-0.00066185917239636,0.12813746929169,0.12837560474873,-0.041143577545881,0.15018300712109,-0.10236669331789,-0.013961774297059,0.0040480992756784,0.0020216684788465,-0.1098130941391,-0.06694795191288,0.12819138169289,-0.12230268120766,0.081198997795582,0.08475349098444,0.055679190903902,-0.0051918551325798,-0.034768905490637,0.020325211808085,0.017077991738915,0.063053928315639,-0.046242397278547,-0.12057962268591,-0.042768925428391,0.12164354324341,-0.0049201273359358,-0.10997205227613,-0.047287322580814,0.1536131799221,-0.083202689886093,-0.068457163870335,0.19037893414497,0.19559143483639,-9.0110064775217e-05,-0.14785417914391,0.10661233961582,0.078341953456402,-0.058461137115955,0.13157849013805,-0.12361171096563,-0.036463666707277,0.011580662801862,0.015580745413899,-0.11100895702839,0.059577647596598,-0.12796869874001,0.14948490262032,-0.20692503452301,-0.15260289609432,0.075179003179073,-0.065984457731247,0.099637024104595,0.017601955682039,0.086838394403458,-0.072354927659035,-0.051177091896534,-0.085159681737423,0.075642071664333,0.084545314311981,0.048819229006767,-0.063147135078907,0.016549501568079,-0.038381155580282,-0.045783780515194,0.05608818680048,0.14343094825745,-0.072647981345654,0.046068079769611,-0.028916271403432,0.028920968994498,0.11532592773438,0.032576065510511,-0.13314659893513,-0.10435366630554,-0.16650396585464,0.111322902143,-0.01522116176784,-0.0090205930173397,-0.021878968924284,0.15822944045067,-0.097020648419857,0.0024393107742071,0.040227465331554,0.04441412165761,-0.042603485286236,0.096778564155102,0.091982409358025,0.0022769893985242,-0.032016471028328,0.090030342340469,-0.011303502134979,-0.022433191537857,-0.17926472425461,-0.0085210017859936,0.032292544841766,0.066204078495502,0.039017427712679,-0.0041448422707617,0.079190216958523,0.0046719238162041,-0.012231472879648,0.1510421782732,0.0030915562529117,0.048625085502863,0.13784700632095,-0.041500143706799,0.09827533364296,0.0032128146849573,0.16514088213444,0.056259613484144
-0.080385930836201,0.11043684929609,0.064017608761787,-0.20428201556206,0.07525572180748,0.039233490824699,-0.090210527181625,0.016720991581678,-0.18549112975597,0.043609719723463,-0.10871426016092,-0.089702539145947,0.028174681589007,0.16750758886337,0.18917006254196,0.052237879484892,-0.042498324066401,-0.03231331333518,0.14176662266254,-0.066041953861713,0.055415738373995,0.098432913422585,0.17854334414005,-0.13527683913708,0.043325051665306,0.051938664168119,0.029713124036789,-0.037893924862146,0.11678227782249,0.032952573150396,-0.013263354077935,-0.094892077147961,0.10775592923164,-0.02018072642386,0.074729427695274,0.06197652220726,0.011767784133554,0.10227945446968,0.0077796336263418,0.018828189000487,-0.12257250398397,0.037916019558907,0.066678293049335,0.041937619447708,-0.096783459186554,0.24772830307484,0.15442797541618,-0.022337844595313,-0.19106708467007,-0.0034498351160437,-0.041266184300184,0.038558401167393,-0.017092103138566,0.014038108289242,0.027630990371108,0.058657858520746,0.13485404849052,0.09520698338747,-0.022650018334389,-0.026092352345586,-0.0074150310829282,0.030979847535491,0.039452161639929,-0.0080905053764582,0.16700102388859,-0.015089686959982,-0.11295985430479,0.1390408873558,0.0058260825462639,0.16832040250301,0.038377441465855,0.079862117767334,-0.10575018078089,-0.084864653646946,0.051773335784674,0.057123731821775,-0.088434629142284,-0.0071366713382304,0.070748850703239,-0.076533414423466,-0.0036513169761747,0.025516210123897,-0.022124595940113,0.097044266760349,-0.060110773891211,-0.12565314769745,-0.03704435005784,0.02606563642621,0.028292572125793,0.094041310250759,0.036714676767588,0.03382233530283,-0.047035921365023,-0.0037020901218057,0.069325938820839,0.0073798839002848,0.0071423049084842,0.27679139375687,0.018994161859155,-0.012016326189041,-0.055033307522535,0.048624254763126,0.0093161519616842,-0.065439760684967,-0.16192507743835,0.041348580271006,-0.12057545036077,-0.041313774883747,0.14604294300079,-0.11224842071533,0.078704051673412,-0.0056583182886243,-0.06567669659853,-0.032199528068304,0.078475266695023,0.08021941781044,0.045760080218315,-0.12585709989071,-0.023964747786522,0.13586582243443,0.10665518045425,-0.020147318020463,0.0096935294568539,-0.013869342394173,-0.079787142574787,0.034619558602571,0.10281222313643,0.050037559121847
0.00041503392276354,0.059048254042864,-0.13183172047138,0.027602376416326,0.078549437224865,0.082827143371105,-0.022732652723789,-0.098906144499779,-0.10614840686321,0.096724480390549,0.047384440898895,0.12807366251945,0.029847448691726,0.016801847144961,-0.11324371397495,0.12026212364435,-0.018784943968058,0.16975264251232,0.049308322370052,0.00083909742534161,0.12372160702944,-0.069713667035103,0.13133607804775,-0.08701391518116,0.017668448388577,0.066091507673264,-0.0020276745781302,-0.11466231197119,-0.013105906546116,0.14596900343895,-0.12149861454964,0.13891984522343,0.055068958550692,0.020446142181754,-0.0060543259605765,-0.025275971740484,0.0022573601454496,0.038121812045574,0.11249956488609,-0.0025527235120535,-0.057990781962872,0.0051756803877652,0.11858324706554,0.0060228309594095,-0.15956059098244,-0.083801202476025,0.17534521222115,-0.11473181843758,-0.050371065735817,0.041233632713556,0.17028565704823,0.020006721839309,-0.13211542367935,0.1296558380127,0.084416806697845,0.022951541468501,0.21225076913834,-0.027425976470113,-0.024952571839094,-0.00045155920088291,-0.0010969741269946,-0.1040196865797,0.12476772069931,-0.11302346736193,0.15184886753559,-0.087550066411495,-0.13004283607006,0.059156786650419,-0.0039619076997042,0.20292221009731,0.017015688121319,0.13279065489769,-0.054849233478308,0.018904659897089,-0.038624964654446,0.031093239784241,0.014200401492417,0.034794148057699,-0.11983226239681,-0.15169209241867,-0.083992458879948,0.10338446497917,0.075454913079739,0.092198625206947,-0.11897037923336,0.05161215737462,0.021153951063752,0.019739612936974,0.080024734139442,-0.036919936537743,-0.092213533818722,-0.088266290724277,-0.090863890945911,-0.0394222214818,0.061016876250505,-0.061000734567642,-0.054295726120472,0.227140635252,-0.0051311617717147,0.04053020849824,0.0019421007018536,0.017676569521427,0.04261514544487,0.14033225178719,0.10352124273777,0.0055850348435342,-0.052631054073572,0.065304584801197,-0.017185788601637,-0.05879120528698,-0.16409479081631,-0.0024073268286884,0.039347089827061,0.016703626140952,0.075964510440826,-0.010940748266876,0.11779632419348,-0.075562484562397,0.05686941370368,0.085392959415913,0.086359746754169,0.013406771235168,0.11492595821619,-0.071303322911263,-0.020239390432835,0.047224678099155,0.08997405320406,0.13161177933216
-0.089881293475628,0.0078312242403626,0.043125383555889,-0.10767862945795,0.020924683660269,-0.037965402007103,-0.079400420188904,-0.034247502684593,-0.15808795392513,0.0071372040547431,-0.041072603315115,-0.027617499232292,0.048488851636648,0.20236077904701,0.14050529897213,0.12314408272505,0.079523168504238,0.029528807848692,0.13270318508148,-0.063742153346539,0.001871359301731,0.1133740991354,0.17116160690784,-0.080078363418579,-0.0415343567729,0.14507876336575,0.042795978486538,-0.076574914157391,0.090045124292374,-0.013431075029075,0.016262521967292,0.079462431371212,0.11751107126474,-0.02952147834003,0.012971635907888,0.081362396478653,0.070429243147373,0.16712945699692,0.044672761112452,0.13518960773945,-0.062227766960859,0.13401007652283,0.028203940019011,-0.0087784957140684,-0.10048171132803,0.13401636481285,0.15521609783173,-0.1369754076004,-0.080587580800056,-0.094761788845062,-0.014721822924912,-0.077731110155582,-0.034805614501238,0.055087544023991,-0.050099927932024,0.079300411045551,0.193265452981,0.10486808419228,0.029929725453258,0.085649207234383,-0.057893224060535,-0.012424901127815,-0.024810852482915,-0.068888984620571,0.19827578961849,-0.035699062049389,-0.025143139064312,0.039205007255077,0.054158449172974,0.12580785155296,0.0092535279691219,0.025066984817386,-0.04380114749074,0.025996876880527,0.070604793727398,-0.012153656221926,-0.10124538838863,0.028360130265355,-0.058665230870247,-0.17900831997395,-0.019437363371253,0.094854302704334,-0.036652874201536,0.014252011664212,-0.084963403642178,-0.042969349771738,0.019007168710232,-0.052869841456413,-0.14626982808113,-0.070656247437,-0.0072510363534093,0.054948516190052,-0.0047921841032803,-0.082826018333435,0.1779348552227,0.076281897723675,-0.0073963701725006,0.26139974594116,0.0086973905563354,0.10158613324165,-0.19176007807255,-0.035493120551109,0.024511985480785,0.10791869461536,-0.030539341270924,-0.025097817182541,-0.064956970512867,-0.062704719603062,0.10111977905035,-0.13415490090847,-0.11017729341984,-0.019474113360047,0.011080705560744,-0.044573690742254,0.022187355905771,0.026084566488862,0.067986860871315,-0.20635469257832,-0.028633095324039,0.049534879624844,0.083911567926407,0.022734450176358,-0.010208127088845,-0.0099869659170508,-0.085456475615501,0.0047084311954677,-0.060252785682678,0.08154571056366
-0.03034720942378,0.072273291647434,0.069226630032063,-0.062301266938448,0.09634405374527,0.037122245877981,-0.057209994643927,-0.098006457090378,-0.16320464015007,0.0012239292263985,0.026778172701597,0.021901229396462,0.012600284069777,0.097450941801071,0.14319351315498,0.12594699859619,0.059150751680136,0.021986626088619,0.07941035926342,0.025375431403518,0.019531957805157,0.12901164591312,0.15166416764259,0.022947981953621,0.013636706396937,0.090002305805683,0.078048594295979,-0.023456167429686,0.1634259968996,0.033971708267927,0.019589880481362,0.05752395093441,0.11009227484465,0.059800915420055,0.062806829810143,0.10139067471027,0.070531107485294,0.091346204280853,0.02449906244874,0.0015890540089458,-0.036867614835501,0.017780045047402,0.10673741996288,0.025071209296584,-0.13342992961407,0.12520879507065,0.17800286412239,-0.014973865821958,-0.14271181821823,0.0084345228970051,-0.0068316091783345,-0.020254209637642,-0.052998963743448,0.0025932248681784,0.068334527313709,0.07068757712841,0.034747213125229,0.1392589956522,-0.069069363176823,0.074138581752777,-0.1518366932869,-0.043042045086622,0.1087830811739,-0.12213813513517,0.24208322167397,0.024573160335422,-0.11030151695013,-0.041697893291712,-0.13379308581352,0.18858489394188,-0.058134507387877,0.027574909850955,-0.089524522423744,0.032059021294117,0.077376298606396,-0.050557181239128,0.042189311236143,0.069019228219986,-0.0096668172627687,-0.12875159084797,0.058408923447132,0.034571763128042,-0.031628165394068,-0.01285260822624,-0.055105201900005,-0.1189184859395,-0.04847015067935,0.0026800148189068,-0.081426680088043,0.14177004992962,0.12727707624435,-0.00044175071525387,-0.10995806008577,0.035986170172691,0.15998993813992,0.082864888012409,-0.033226180821657,0.23278500139713,0.047121904790401,0.015271694399416,-0.10464078187943,0.0026312274858356,-0.036731217056513,0.033507753163576,-0.040179166942835,0.081950858235359,-0.0054628178477287,-0.057069048285484,0.17894028127193,-0.14067514240742,-0.051219753921032,0.087017863988876,0.013853326439857,0.040680322796106,0.11174238473177,-0.010927927680314,0.10739941895008,-0.11758805066347,0.006968067958951,0.19571235775948,0.11786993592978,-0.039973519742489,0.038886241614819,0.028034422546625,-0.067600548267365,0.084491848945618,0.11358328908682,-0.0045549306087196
-0.054874986410141,0.011373779736459,-0.021558491513133,-0.045328158885241,0.042841028422117,0.060867827385664,-0.012239788658917,-0.056026574224234,-0.13488647341728,0.015669906511903,0.036740887910128,0.025303207337856,-0.003220604499802,0.1075991615653,0.15203863382339,0.10137557983398,-0.0024717946071178,-0.033471710979939,0.11934923380613,-0.033172152936459,-0.093785665929317,0.10891454666853,0.087251737713814,-0.036542661488056,-0.023438472300768,0.14809021353722,0.062003202736378,-0.061719220131636,0.10732489824295,-0.043940059840679,0.039338890463114,0.11693272739649,0.041880019009113,-0.0035424628295004,-0.02248315885663,0.16354219615459,0.042335744947195,0.022755114361644,0.021236352622509,0.12629592418671,0.058451369404793,0.028300903737545,0.038762725889683,0.036663252860308,-0.14478529989719,0.080747313797474,0.16080142557621,-0.063567370176315,-0.082473054528236,-0.061726991087198,-0.065417066216469,-0.078210219740868,-0.061021793633699,0.015335898846388,0.018218547105789,0.10601703077555,0.0055338116362691,0.18058602511883,-0.012093534693122,0.14572957158089,-0.1921404749155,-0.0096656288951635,0.12448807805777,-0.14120228588581,0.19989219307899,0.0820572078228,-0.0011539647821337,-0.058544434607029,-0.010903540067375,0.13076542317867,-0.049591545015574,0.086010724306107,-0.011363028548658,0.12529553472996,0.1260964423418,-0.065003119409084,-0.024913271889091,0.047662034630775,-0.10046419501305,-0.18096207082272,0.073252514004707,0.053045760840178,-0.050115860998631,-0.057042751461267,-0.10944954305887,0.00068429863313213,0.026012973859906,-0.054845154285431,-0.14550258219242,0.01726215519011,0.12993313372135,0.023895235732198,-0.090550281107426,-0.062572382390499,0.18179169297218,0.10944001376629,-0.0051242099143565,0.14746703207493,0.083819508552551,0.095114782452583,-0.22228737175465,-0.075899317860603,0.02401227876544,0.0094178896397352,-0.076904855668545,0.1013615205884,-0.038579065352678,-0.033986628055573,0.044964671134949,-0.091373302042484,-0.050986967980862,0.072177685797215,0.069013006985188,-0.078897811472416,0.068483740091324,-0.046313472092152,0.13517837226391,-0.14012907445431,0.075324036180973,0.085003666579723,0.14743243157864,-0.09312130510807,0.075491853058338,0.053489360958338,-0.094464510679245,0.058529429137707,-0.014756940305233,0.067959509789944
-0.033455044031143,-0.16677063703537,-0.054296776652336,0.050184607505798,0.015618419274688,0.00064288469729945,-0.013896181248128,-0.060937456786633,-0.07170107960701,0.023884959518909,0.095668002963066,0.060026779770851,0.064137935638428,0.14173336327076,0.10468635708094,0.11407461762428,0.096169494092464,0.022455526515841,0.14646817743778,0.024574711918831,0.014679282903671,-0.025063475593925,0.098426453769207,-0.062007047235966,-0.0040681976824999,0.18926134705544,0.032441515475512,-0.18559795618057,0.013400303199887,-0.0082560069859028,0.070440784096718,0.1631743311882,0.13725201785564,-0.048909012228251,0.025423854589462,0.14138528704643,-0.0084376391023397,0.13630463182926,0.0023337474558502,-0.054619643837214,-0.0033574167173356,0.04863603785634,-0.061740975826979,0.045904889702797,-0.12793362140656,0.016354026272893,0.067583665251732,-0.11509741097689,-0.043253511190414,-0.21655064821243,-0.080422505736351,-0.15494917333126,0.046384871006012,-0.024538304656744,0.01301512029022,0.10282172262669,-0.012745209038258,0.12240716069937,-0.021537750959396,0.12337844073772,-0.1339049488306,-0.11038430780172,0.095230355858803,-0.12674225866795,0.29931339621544,0.096642211079597,-0.0356763638556,0.029615197330713,0.0071657076478004,0.027075655758381,-0.021171670407057,0.0033963434398174,-0.055448971688747,-0.097750142216682,-0.012282049283385,-0.036208372563124,-0.0044691474176943,-0.0018114116974175,-0.10332284867764,-0.10784564167261,-0.066827289760113,-0.032255157828331,-0.10398808866739,-0.1276229172945,-0.098620988428593,-0.063903771340847,0.063178867101669,-0.041304405778646,-0.12196639180183,-0.054229080677032,0.044237215071917,0.036965899169445,-0.06885988265276,0.0084151653572917,0.11150550097227,0.11594572663307,0.003294083988294,0.072642490267754,0.059748712927103,0.10869506746531,-0.11304304003716,-0.080752812325954,-0.013342041522264,-0.070778660476208,0.0059852031990886,0.071005307137966,0.066136837005615,-0.10840827971697,0.08628223836422,-0.11806790530682,-0.17351865768433,0.009034494869411,0.047865465283394,-0.13629640638828,0.15463708341122,-0.019134022295475,-0.0089626284316182,-0.14885891973972,0.017688397318125,0.054471574723721,0.030030734837055,-0.094842597842216,0.018331293016672,0.048145640641451,0.052230600267649,0.098328046500683,0.027568560093641,0.05818110704422
-0.11878214776516,-0.07460605353117,0.024074271321297,0.043071363121271,0.024756956845522,-0.020210130140185,-0.078796654939651,-0.064228743314743,-0.12175860255957,-0.022437790408731,0.0016406354261562,0.04059075191617,0.04321613535285,0.13677659630775,0.12702892720699,0.097228147089481,0.10553795099258,-0.021461954340339,0.17846423387527,0.044393692165613,-0.0051486478187144,-0.049814723432064,0.11017274111509,-0.023325545713305,0.040240652859211,0.14859123528004,-0.042310230433941,-0.1447619497776,0.051443751901388,-0.037664156407118,0.12152592092752,0.15092320740223,0.1548808068037,-0.033301673829556,0.0020820077043027,0.15328846871853,0.037827119231224,0.10040643811226,-0.0034514286089689,-0.038869880139828,0.040431335568428,0.043006528168917,0.045251939445734,-0.040891569107771,-0.082975097000599,0.050542566925287,0.16742241382599,-0.12641449272633,-0.077911727130413,-0.18442966043949,-0.13287642598152,-0.18879055976868,0.12313604354858,-0.030293717980385,0.01292479224503,0.11826661974192,0.0170514639467,0.097791440784931,0.005615056026727,0.051971893757582,-0.12642554938793,0.031483817845583,0.0040779495611787,-0.14501711726189,0.2499566078186,0.17666307091713,-0.0042867832817137,-0.048008419573307,-0.040998764336109,-0.030448667705059,-0.060805942863226,-0.0062030577100813,-0.070136845111847,-0.025652978569269,0.10844440758228,0.0040752151980996,-0.027551276609302,-0.011086657643318,-0.044112987816334,-0.091184325516224,-0.095511116087437,0.023090325295925,-0.07832545042038,-0.058400571346283,-0.048871569335461,-0.0077979331836104,0.0092621091753244,-0.022866500541568,-0.15302357077599,-0.055949337780476,0.06093942001462,0.088608220219612,0.0060582957230508,0.0083739617839456,0.12141402810812,0.10952477902174,-0.01340298447758,0.18432886898518,0.0066262884065509,0.071129202842712,-0.16288830339909,-0.12093888223171,-0.0064369132742286,-0.021709322929382,-0.048101741820574,0.12939023971558,0.061290495097637,-0.078685343265533,0.069891378283501,-0.099856935441494,-0.15684930980206,-0.012202540412545,0.02713854983449,-0.15328624844551,0.067557021975517,-0.031887922435999,-0.025762416422367,-0.15983203053474,0.017906619235873,0.07894991338253,0.043015632778406,-0.053687363862991,-0.033792056143284,0.0044070123694837,-0.0632229372859,0.12403365969658,-0.014977185055614,0.050264231860638
-0.073906071484089,0.021257461979985,-0.10391320288181,-0.018187303096056,0.10816025733948,0.059306442737579,-0.011462518014014,-0.13866610825062,-0.10828237980604,0.049691025167704,0.018010193482041,0.08878768235445,-0.0033203936181962,0.045354340225458,0.049559276551008,0.12587302923203,0.040800679475069,0.035495791584253,0.15774780511856,-0.013888195157051,-0.010006599128246,0.01392434258014,0.10524356365204,-0.015025915578008,0.04114830493927,0.13677740097046,0.060711912810802,-0.1229221150279,0.1477659791708,0.055219899863005,0.08770127594471,0.11384136974812,0.072706677019596,-0.056691035628319,0.034931294620037,0.1065363958478,-0.011655283160508,0.0080086113885045,0.062301553785801,0.013089935295284,0.018514718860388,0.0078440541401505,0.061385333538055,0.098040729761124,-0.13983726501465,0.058020640164614,0.16762462258339,-0.033801395446062,-0.075445957481861,-0.1268906891346,-0.057011678814888,-0.063067018985748,0.0047034975141287,-0.081033736467361,0.0094305891543627,0.1146400347352,0.016309499740601,0.21022580564022,-0.071149237453938,0.12781226634979,-0.15935117006302,-0.042440965771675,0.20358493924141,-0.1480945199728,0.2742086648941,0.018951026722789,-0.092412233352661,-0.066587083041668,-0.086312472820282,0.11132179945707,-0.063560806214809,0.10274329036474,-0.097805462777615,0.019718665629625,0.031456671655178,-0.026650039479136,0.025501452386379,0.075254693627357,-0.095087274909019,-0.13902989029884,-0.02007576264441,0.050163686275482,-0.042050819844007,0.0077937780879438,-0.09990593791008,-0.085294470191002,-0.0028608727734536,-0.01875864341855,-0.10287758708,-0.022555442526937,0.068481013178825,0.053151559084654,-0.11155517399311,0.0008148942142725,0.21613149344921,0.074555352330208,-0.0098280934616923,0.18163974583149,0.04173081740737,0.06990872323513,-0.129230722785,-0.084786020219326,-0.025103118270636,0.01366230007261,-0.055501159280539,0.09973219037056,0.028202999383211,-0.043230261653662,0.09651905298233,-0.062729991972446,-0.068370476365089,0.033673971891403,0.060377068817616,-0.048451580107212,0.095090880990028,-0.015551174990833,0.058521322906017,-0.09101689606905,0.066960610449314,0.16365587711334,0.089855030179024,-0.097346588969231,0.0076802582480013,-0.013934476301074,-0.12517239153385,0.12541818618774,-0.038923915475607,0.040069349110126
-0.042589999735355,0.075974173843861,0.14476317167282,-0.12149626016617,0.065677791833878,0.078898802399635,-0.14658316969872,0.08578222990036,-0.1538038700819,0.035670898854733,-0.045924391597509,-0.094937846064568,0.071388877928257,0.077215470373631,0.23446528613567,0.06187216937542,0.1329745054245,0.062144678086042,0.015938106924295,0.0046275854110718,0.052247058600187,0.062454801052809,0.22071009874344,0.038136754184961,0.064039267599583,-0.048988826572895,0.028010599315166,0.0098588084802032,0.11174988001585,-0.08857885748148,0.13926284015179,0.0058242459781468,0.14065247774124,0.09964732080698,0.036023747175932,0.064601898193359,0.076246812939644,0.096060648560524,-0.002332067117095,-0.052126042544842,-0.025284916162491,-0.022381087765098,0.081648170948029,-0.01925253123045,-0.10870967805386,0.018404273316264,0.094013176858425,0.042984761297703,-0.14114362001419,0.069969475269318,0.014140699058771,-0.03063602745533,-0.0013720775023103,-0.013184391893446,-0.048827085644007,0.026564637199044,0.10975005477667,-0.0049772481434047,0.032245315611362,-0.11296881735325,-0.13579577207565,0.041247941553593,-0.089423604309559,-0.1022874712944,0.086084894835949,0.080486662685871,-0.084504581987858,0.048006977885962,-0.15195018053055,0.13579015433788,-0.061911281198263,-0.018620541319251,-0.12940527498722,-0.057094883173704,0.077338315546513,-0.060842096805573,0.00074019795283675,0.027769139036536,0.085347734391689,-0.021906916052103,-0.049721140414476,-0.014749901369214,0.034784879535437,0.01612083055079,0.040651727467775,-0.067168436944485,-0.055198330432177,0.054581765085459,0.014975955709815,0.12275588512421,0.063778847455978,0.016088889911771,-0.048851795494556,0.040320068597794,0.086034715175629,0.045721895992756,-0.074358575046062,0.2972217798233,-0.15534029901028,-0.047974944114685,-0.030019206926227,0.0001480089413235,-0.030017271637917,0.076304845511913,0.01243962533772,0.049355443567038,-0.05234033614397,-0.085757195949554,0.23183956742287,-0.16239857673645,-0.089352615177631,0.10513236373663,-0.028093615546823,0.071633614599705,0.083273604512215,-0.041188392788172,0.037782687693834,-0.12337656319141,0.02760654501617,0.21240395307541,0.1189838424325,-0.030873322859406,-0.02108465693891,0.020044084638357,-0.041328903287649,-0.045944612473249,0.11863227933645,0.02319791354239
